{"assets/asset_transfer.png":["assets/asset_transfer.png"],"assets/exel.png":["assets/exel.png"],"assets/fonts/Century%20Gothic.ttf":["assets/fonts/Century%20Gothic.ttf"],"assets/labour_report.png":["assets/labour_report.png"],"assets/logo.png":["assets/logo.png"],"assets/machinery_report.png":["assets/machinery_report.png"],"assets/material_recieved.png":["assets/material_recieved.png"],"assets/operator.png":["assets/operator.png"],"assets/pdf.png":["assets/pdf.png"],"assets/profile_bg.jpg":["assets/profile_bg.jpg"],"assets/report.png":["assets/report.png"],"assets/staff.png":["assets/staff.png"],"assets/vehical.png":["assets/vehical.png"],"assets/vehical_report.png":["assets/vehical_report.png"],"packages/cupertino_icons/assets/CupertinoIcons.ttf":["packages/cupertino_icons/assets/CupertinoIcons.ttf"]}